Built,n,prop
3.5.0,169,0.7788018433179723
3.5.1,48,0.22119815668202766
